epoch,t_s,nprocs,rss_bytes,max_proc_rss,read_bytes,majflt,minflt,rchar,cached_kb,mlocked_kb,vram0_mib,vram1_mib
1791044819.448,0.0,2,52145238016,51939221504,30154752,40,1860156,3952246679,92011328,16,26808.6,32399.2
1791044820.459,1.0,2,52145238016,51939221504,30195712,40,1860157,3952299159,92011440,16,26808.6,32399.2
1791044821.470,2.0,2,52145238016,51939221504,30240768,40,1860158,3952355735,92011456,16,26808.6,32399.2
1791044822.482,3.0,2,52145238016,51939221504,30281728,40,1860160,3952408215,92011448,16,26808.6,32399.2
1791044823.492,4.1,2,52145238016,51939221504,30322688,40,1860161,3952460695,92011616,16,26808.6,32399.2
1791044824.503,5.1,2,52145238016,51939221504,30363648,40,1860162,3952513175,92011592,16,26808.6,32399.2
1791044825.514,6.1,2,52027609088,51821543424,31526912,40,1860176,3953688195,92011576,16,26808.6,32399.2
1791044826.524,7.1,2,52145684480,51939614720,32882688,40,1890800,3955055572,92011920,16,26808.6,32399.2
1791044827.535,8.1,2,52145979392,51939905536,34332672,40,1890873,3956517230,92011996,16,26808.6,32399.2
1791044828.545,9.1,2,52146442240,51940360192,35840000,40,1890987,3958036239,92012004,16,26808.6,32399.2
1791044829.556,10.1,2,52146954240,51940872192,37515264,40,1891113,3959723102,92012012,16,26808.6,32399.2
1791044830.566,11.1,2,52147269632,51941187584,39292928,40,1891191,3961512409,92011744,16,26808.6,32399.2
1791044831.577,12.1,2,52147609600,51941490688,40783872,40,1891275,3963015040,92012276,16,26808.6,32399.2
1791044832.587,13.2,2,52147912704,51941777408,42463232,40,1891351,3964706073,92012288,16,26808.6,32399.2
1791044833.598,14.2,2,52148183040,51942047744,44171264,40,1891418,3966425762,92012224,16,26808.6,32399.2
1791044834.608,15.2,2,52148514816,51942375424,45862912,40,1891500,3968129063,92011972,16,26808.6,32399.2
1791044835.619,16.2,2,52148797440,51942658048,47194112,40,1891570,3969471905,92011972,16,26808.6,32399.2
1791044836.629,17.2,2,52149112832,51942969344,48824320,40,1891648,3971113733,92012244,16,26808.6,32399.2
1791044837.640,18.2,2,52149456896,51943309312,50491392,40,1891733,3972792484,92011988,16,26808.6,32399.2
1791044838.650,19.2,2,52149809152,51943657472,52056064,40,1891820,3974368807,92012028,16,26808.6,32399.2
1791044839.661,20.2,2,52150091776,51943936000,53080064,40,1891890,3975404487,92012036,16,26808.6,32399.2
1791044840.671,21.2,2,52150407168,51944243200,54202368,40,1891968,3976538491,92012400,16,26808.6,32399.2
1791044841.682,22.2,2,52150562816,51944431616,55087104,40,1892017,3977434895,92013364,16,26808.6,32399.2
1791044842.693,23.3,2,52150562816,51944431616,55128064,40,1892019,3977487375,92013492,16,26808.6,32399.2
1791044843.703,24.3,2,52150562816,51944431616,55169024,40,1892020,3977539855,92013500,16,26808.6,32399.2
1791044844.714,25.3,2,52150562816,51944431616,55214080,40,1892021,3977596431,92013792,16,26808.6,32399.2
1791044845.725,26.3,2,52150562816,51944431616,55255040,40,1892022,3977648911,92013588,16,26808.6,32399.2
1791044846.736,27.3,2,52150562816,51944431616,55296000,40,1892023,3977701391,92013416,16,26808.6,32399.2
1791044847.744,28.3,2,52150562816,51944431616,55336960,40,1892024,3977753871,92012808,16,26808.6,32399.2
1791044848.751,29.3,2,52150562816,51944431616,55377920,40,1892028,3977806351,92012652,16,26808.6,32399.2
1791044849.758,30.3,2,52150562816,51944431616,55418880,40,1892029,3977858831,92012276,16,26808.6,32399.2
1791044850.766,31.3,2,52150562816,51944431616,55459840,40,1892030,3977911311,92012556,16,26808.6,32399.2
1791044851.774,32.3,2,52150562816,51944431616,55500800,40,1892031,3977963791,92012300,16,26808.6,32399.2
1791044852.781,33.3,2,52150562816,51944431616,55541760,40,1892033,3978016271,92012424,16,26808.6,32399.2
1791044853.789,34.4,2,52150562816,51944431616,55582720,40,1892034,3978068751,92012348,16,26808.6,32399.2
1791044854.797,35.4,2,52150562816,51944431616,55623680,40,1892035,3978121231,92016720,16,26808.6,32399.2
1791044855.805,36.4,2,52150562816,51944431616,55664640,40,1892036,3978173711,92016180,16,26808.6,32399.2
1791044856.812,37.4,2,52150562816,51944431616,55705600,40,1892037,3978226191,92016600,16,26808.6,32399.2
1791044857.821,38.4,2,52150562816,51944431616,55746560,40,1892038,3978278671,92016608,16,26808.6,32399.2
1791044858.828,39.4,2,52150562816,51944431616,55787520,40,1892039,3978331151,92016344,16,26808.6,32399.2
1791044859.834,40.4,2,52150562816,51944431616,55832576,40,1892040,3978387727,92016628,16,26808.6,32399.2
1791044860.841,41.4,2,52150562816,51944431616,55873536,40,1892041,3978440207,92016644,16,26808.6,32399.2
1791044861.848,42.4,2,52150562816,51944431616,55914496,40,1892042,3978492687,92016616,16,26808.6,32399.2
1791044862.855,43.4,2,52150562816,51944431616,55955456,40,1892044,3978545167,92016660,16,26808.6,32399.2
1791044863.862,44.4,2,52150562816,51944431616,55996416,40,1892045,3978597647,92016668,16,26808.6,32399.2
1791044864.868,45.4,2,52150562816,51944431616,56037376,40,1892046,3978650127,92016684,16,26808.6,32399.2
1791044865.875,46.4,2,52150562816,51944431616,56078336,40,1892047,3978702607,92016692,16,26808.6,32399.2
1791044866.882,47.4,2,52150562816,51944431616,56119296,40,1892048,3978755087,92016704,16,26808.6,32399.2
1791044867.888,48.5,2,52150562816,51944431616,56160256,40,1892049,3978807567,92016712,16,26808.6,32399.2
1791044868.895,49.5,2,52150562816,51944431616,56201216,40,1892050,3978860047,92016720,16,26808.6,32399.2
1791044869.903,50.5,2,52150562816,51944431616,56242176,40,1892051,3978912527,92016736,16,26808.6,32399.2
1791044870.910,51.5,2,52150562816,51944431616,56283136,40,1892052,3978976527,92016744,16,26808.6,32399.2
1791044871.918,52.5,2,52150562816,51944431616,56324096,40,1892053,3979029007,92016720,16,26808.6,32399.2
1791044872.925,53.5,2,52150562816,51944431616,56365056,40,1892055,3979081487,92016760,16,26808.6,32399.2
1791044873.932,54.5,2,52150562816,51944431616,56406016,40,1892056,3979133967,92016768,16,26808.6,32399.2
1791044874.939,55.5,2,52150562816,51944431616,56446976,40,1892057,3979186447,92016784,16,26808.6,32399.2
1791044875.947,56.5,2,52150562816,51944431616,56487936,40,1892058,3979238927,92016904,16,26808.6,32399.2
1791044876.954,57.5,2,52150562816,51944431616,56528896,40,1892059,3979291407,92016912,16,26808.6,32399.2
1791044877.961,58.5,2,52150562816,51944431616,56573952,40,1892060,3979347983,92016928,16,26808.6,32399.2
1791044878.968,59.5,2,52150562816,51944431616,56614912,40,1892061,3979400463,92016936,16,26808.6,32399.2
1791044879.975,60.5,2,52150562816,51944431616,56655872,40,1892062,3979452943,92016960,16,26808.6,32399.2
1791044880.982,61.5,2,52150562816,51944431616,56696832,40,1892063,3979505423,92016976,16,26808.6,32399.2
1791044881.989,62.6,2,52150562816,51944431616,56737792,40,1892064,3979557903,92016960,16,26808.6,32399.2
1791044882.996,63.6,2,52150562816,51944431616,56778752,40,1892066,3979610383,92017000,16,26808.6,32399.2
1791044884.003,64.6,2,52150562816,51944431616,56819712,40,1892067,3979662863,92017008,16,26808.6,32399.2
1791044885.011,65.6,2,52150562816,51944431616,56860672,40,1892068,3979715343,92017044,16,26808.6,32399.2
1791044886.018,66.6,2,52150562816,51944431616,56901632,40,1892069,3979767823,92017564,16,26808.6,32399.2
1791044887.025,67.6,2,52150562816,51944431616,56942592,40,1892070,3979820303,92017564,16,26808.6,32399.2
1791044888.032,68.6,2,52150562816,51944431616,56983552,40,1892071,3979872783,92017572,16,26808.6,32399.2
1791044889.039,69.6,2,52150562816,51944431616,57024512,40,1892072,3979925263,92017592,16,26808.6,32399.2
1791044890.047,70.6,2,52150562816,51944431616,57065472,40,1892073,3979977743,92017600,16,26808.6,32399.2
1791044891.055,71.6,2,52150562816,51944431616,57106432,40,1892074,3980030223,92017608,16,26808.6,32399.2
1791044892.063,72.6,2,52150562816,51944431616,57147392,40,1892075,3980082703,92017584,16,26808.6,32399.2
1791044893.070,73.6,2,52150562816,51944431616,57188352,40,1892077,3980135183,92017624,16,26808.6,32399.2
1791044894.077,74.6,2,52150562816,51944431616,57229312,40,1892078,3980187663,92017640,16,26808.6,32399.2
1791044895.085,75.7,2,52150562816,51944431616,57270272,40,1892079,3980240143,92017648,16,26808.6,32399.2
1791044896.093,76.7,2,52150562816,51944431616,57315328,40,1892080,3980292623,92017668,16,26808.6,32399.2
1791044897.101,77.7,2,52150562816,51944431616,57356288,40,1892081,3980349199,92017692,16,26808.6,32399.2
1791044898.108,78.7,2,52150562816,51944431616,57397248,40,1892082,3980401679,92017704,16,26808.6,32399.2
1791044899.115,79.7,2,52150562816,51944431616,57438208,40,1892083,3980454159,92017712,16,26808.6,32399.2
1791044900.122,80.7,2,52150562816,51944431616,57479168,40,1892084,3980506639,92017724,16,26808.6,32399.2
1791044901.130,81.7,2,52150562816,51944431616,57520128,40,1892085,3980559119,92017732,16,26808.6,32399.2
1791044902.137,82.7,2,52150562816,51944431616,57520128,40,1892086,3980570639,92019460,16,26808.6,32399.2
1791044903.145,83.7,2,52150562816,51944431616,57520128,40,1892089,3980582159,92017756,16,26808.6,32399.2
1791044904.155,84.7,2,52150562816,51944431616,57520128,40,1892090,3980593679,92017764,16,26808.6,32399.2
1791044905.163,85.7,2,52150562816,51944431616,57520128,40,1892091,3980605199,92017764,16,26808.6,32399.2
1791044906.170,86.7,2,52150562816,51944431616,57520128,40,1892092,3980616719,92018068,16,26808.6,32399.2
1791044907.178,87.7,2,52150562816,51944431616,57520128,40,1892093,3980628239,92017796,16,26808.6,32399.2
1791044908.185,88.8,2,52150562816,51944431616,57520128,40,1892094,3980639759,92018084,16,26808.6,32399.2
1791044909.192,89.8,2,52150562816,51944431616,57520128,40,1892095,3980651279,92017812,16,26808.6,32399.2
1791044910.199,90.8,2,52150562816,51944431616,57520128,40,1892096,3980662799,92018100,16,26808.6,32399.2
1791044911.207,91.8,2,52150562816,51944431616,57520128,40,1892097,3980674319,92017768,16,26808.6,32399.2
1791044912.214,92.8,2,52150562816,51944431616,57520128,40,1892099,3980685839,92017928,16,26808.6,32399.2
1791044913.221,93.8,2,52150562816,51944431616,57520128,40,1892100,3980697359,92018140,16,26808.6,32399.2
1791044914.228,94.8,2,52150562816,51944431616,57520128,40,1892101,3980708879,92017876,16,26808.6,32399.2
1791044915.236,95.8,2,52150562816,51944431616,57520128,40,1892102,3980720399,92018164,16,26808.6,32399.2
1791044916.243,96.8,2,52150562816,51944431616,57520128,40,1892103,3980731919,92017692,16,26808.6,32399.2
1791044917.250,97.8,2,52150562816,51944431616,57520128,40,1892104,3980743439,92018184,16,26808.6,32399.2
1791044918.258,98.8,2,52150562816,51944431616,57520128,40,1892105,3980754959,92017624,16,26808.6,32399.2
1791044919.265,99.8,2,52150562816,51944431616,57520128,40,1892106,3980766479,92017920,16,26808.6,32399.2
1791044920.273,100.8,2,52150562816,51944431616,57520128,40,1892107,3980777999,92017648,16,26808.6,32399.2
1791044921.280,101.8,2,52150562816,51944431616,57520128,40,1892108,3980789519,92017920,16,26808.6,32399.2
1791044922.288,102.9,2,52150562816,51944431616,57520128,40,1892110,3980801039,92017668,16,26808.6,32399.2
1791044923.295,103.9,2,52150562816,51944431616,57520128,40,1892111,3980812559,92017972,16,26808.6,32399.2
1791044924.303,104.9,2,52150562816,51944431616,57520128,40,1892112,3980824079,92017940,16,26808.6,32399.2
1791044925.310,105.9,2,52150562816,51944431616,57520128,40,1892113,3980835599,92017972,16,26808.6,32399.2
1791044926.318,106.9,2,52150562816,51944431616,57520128,40,1892114,3980847119,92018244,16,26808.6,32399.2
1791044927.325,107.9,2,52150562816,51944431616,57520128,40,1892115,3980858639,92017992,16,26808.6,32399.2
1791044928.333,108.9,2,52150562816,51944431616,57520128,40,1892116,3980870159,92018304,16,26808.6,32399.2
1791044929.340,109.9,2,52150562816,51944431616,57520128,40,1892117,3980881679,92017752,16,26808.6,32399.2
1791044930.347,110.9,2,52150562816,51944431616,57520128,40,1892117,3980893199,91979392,16,26808.6,32399.2
1791044931.355,111.9,2,52150562816,51944431616,57520128,40,1892117,3980904719,91977092,16,26808.6,32399.2
1791044932.362,112.9,2,52150562816,51944431616,57520128,40,1892117,3980916239,91977100,16,26808.6,32399.2
1791044933.369,113.9,2,52150562816,51944431616,57520128,40,1892117,3980927759,91977096,16,26808.6,32399.2
1791044934.377,114.9,2,52150562816,51944431616,57520128,40,1892117,3980939279,91977136,16,26808.6,32399.2
1791044935.385,116.0,2,52150562816,51944431616,57520128,40,1892117,3980950799,91977136,16,26808.6,32399.2
1791044936.393,117.0,2,52150562816,51944431616,57520128,40,1892117,3980962319,91977112,16,26808.6,32399.2
1791044937.401,118.0,2,52150562816,51944431616,57520128,40,1892117,3980973839,91977148,16,26808.6,32399.2
1791044938.408,119.0,2,52150562816,51944431616,57520128,40,1892117,3980985359,91977148,16,26808.6,32399.2
1791044939.416,120.0,2,52150562816,51944431616,57520128,40,1892117,3980996879,91977112,16,26808.6,32399.2
1791044940.423,121.0,2,52150562816,51944431616,57520128,40,1892117,3981008399,91977172,16,26808.6,32399.2
1791044941.430,122.0,2,52150562816,51944431616,57520128,40,1892117,3981019919,91977348,16,26808.6,32399.2
1791044942.438,123.0,2,52150562816,51944431616,57520128,40,1892117,3981031439,91977412,16,26808.6,32399.2
1791044943.445,124.0,2,52150562816,51944431616,57520128,40,1892117,3981042959,91977420,16,26808.6,32399.2
1791044944.453,125.0,2,52150562816,51944431616,57520128,40,1892117,3981054479,91977128,16,26808.6,32399.2
1791044945.460,126.0,2,52150562816,51944431616,57520128,40,1892117,3981065999,91977644,16,26808.6,32399.2
1791044946.467,127.0,2,52150562816,51944431616,57520128,40,1892117,3981077519,91977648,16,26808.6,32399.2
1791044947.475,128.0,2,52150562816,51944431616,57520128,40,1892117,3981089039,91977648,16,26808.6,32399.2
1791044948.482,129.0,2,52150562816,51944431616,57520128,40,1892117,3981100559,91977652,16,26808.6,32399.2
1791044949.489,130.1,2,52150562816,51944431616,57520128,40,1892117,3981112079,91977652,16,26808.6,32399.2
1791044950.496,131.1,2,52150562816,51944431616,57520128,40,1892117,3981123599,91977652,16,26808.6,32399.2
1791044951.503,132.1,2,52150562816,51944431616,57520128,40,1892117,3981135119,91977652,16,26808.6,32399.2
1791044952.511,133.1,2,52150562816,51944431616,57520128,40,1892117,3981146639,91977660,16,26808.6,32399.2
1791044953.519,134.1,2,52150562816,51944431616,57520128,40,1892117,3981158159,91977660,16,26808.6,32399.2
1791044954.526,135.1,2,52150562816,51944431616,57520128,40,1892117,3981169679,91977628,16,26808.6,32399.2
1791044955.534,136.1,2,52150562816,51944431616,57520128,40,1892117,3981181199,91977636,16,26808.6,32399.2
1791044956.541,137.1,2,52150562816,51944431616,57520128,40,1892117,3981192719,91977644,16,26808.6,32399.2
1791044957.549,138.1,2,52150562816,51944431616,57520128,40,1892117,3981204239,91977644,16,26808.6,32399.2
1791044958.558,139.1,2,52150562816,51944431616,57520128,40,1892117,3981215759,91977676,16,26808.6,32399.2
1791044959.566,140.1,2,52150562816,51944431616,57520128,40,1892117,3981227279,91977676,16,26808.6,32399.2
1791044960.574,141.1,2,52150562816,51944431616,57520128,40,1892117,3981238799,91977680,16,26808.6,32399.2
1791044961.582,142.1,2,52150562816,51944431616,57520128,40,1892117,3981250319,91977668,16,26808.6,32399.2
1791044962.589,143.2,2,52150562816,51944431616,57520128,40,1892117,3981261839,91977676,16,26808.6,32399.2
1791044963.596,144.2,2,52150562816,51944431616,57520128,40,1892117,3981273359,91977676,16,26808.6,32399.2
1791044964.605,145.2,2,52150562816,51944431616,57520128,40,1892117,3981284879,91977648,16,26808.6,32399.2
1791044965.613,146.2,2,52150562816,51944431616,57520128,40,1892117,3981296399,91977652,16,26808.6,32399.2
1791044966.620,147.2,2,52150562816,51944431616,57520128,40,1892117,3981307919,91977644,16,26808.6,32399.2
1791044967.628,148.2,2,52150562816,51944431616,57520128,40,1892117,3981319439,91977652,16,26808.6,32399.2
1791044968.636,149.2,2,52150562816,51944431616,57520128,40,1892117,3981330959,91978572,16,26808.6,32399.2
