t_s,vram0_kib,vram1_kib,gtt0_kib,gtt1_kib,tree_rss_kib,clients,procs
0.0,0,0,0,0,33700,0,2
1.0,2452,2452,40,40,487432,2,2
2.0,1572108,2452,358576,40,485848,2,2
3.0,1982780,2452,359856,40,883452,2,2
4.0,2640028,2452,337328,40,1553816,2,2
5.0,3380816,2452,351664,40,2275964,2,2
6.0,3683508,1935548,354928,5552,1017216,2,2
7.1,3775888,4292860,852208,10352,723896,2,2
8.1,26010596,5111520,342416,11536,596572,2,2
9.1,26010596,5111520,342416,11536,1387464,2,2
10.1,26010596,5111520,342416,11536,2015604,2,2
11.1,26010596,5111520,342416,11536,2527676,2,2
12.1,26010596,5111520,342416,11536,3031768,2,2
13.1,26010596,5111520,342416,11536,3546584,2,2
14.1,26010596,5111520,342416,11536,4044988,2,2
15.1,26010600,5111520,346512,11536,4533160,2,2
16.1,26010596,5111520,342416,11536,5031540,2,2
17.1,26010596,5111520,342416,11536,5535532,2,2
18.1,26010596,5111520,342416,11536,6044400,2,2
19.1,26010600,5111520,346512,11536,7728128,2,2
20.2,26010600,5111520,346512,11536,10538760,2,2
21.2,26010600,5111520,342416,11536,13278248,2,2
22.2,26010596,5111520,342416,11536,15834176,2,2
23.2,26010600,5111520,346512,11536,18382008,2,2
24.2,26010596,5111520,342416,11536,20837684,2,2
25.2,26010596,5111520,342416,11536,23272752,2,2
26.2,26010600,31991624,346512,15632,24721128,2,2
27.2,26010596,31991620,342416,11536,26378292,2,2
28.2,26010600,31991624,346512,11536,28050896,2,2
29.2,26010596,31991620,346512,15632,29756068,2,2
30.2,26010600,31991624,346512,11536,31420760,2,2
31.2,26010600,31991620,346512,15632,33116608,2,2
32.2,26010600,31991624,346512,11536,34797448,2,2
33.3,26010596,31991620,342416,11536,36379112,2,2
34.3,26010596,31991620,346512,15632,37980624,2,2
35.3,26010600,31991624,342416,11536,39509640,2,2
36.3,26010600,31991624,346512,15632,41053344,2,2
37.3,26010600,31991624,342416,11536,42704936,2,2
38.3,26010600,31991624,346512,11536,43884320,2,2
39.3,26010600,31991624,342416,11536,45225168,2,2
40.3,26010596,31991620,346512,15632,46532364,2,2
41.3,26010600,31991624,346512,11536,47928948,2,2
42.3,26010596,31991620,342416,11536,49372500,2,2
43.3,26354968,31993876,1457840,12624,50523616,2,2
44.3,26755320,32401556,1465880,1468064,50596312,2,2
45.3,26757308,32403928,1465880,1468064,50596364,2,2
46.4,26759740,32406876,1465880,1468064,50596384,2,2
47.4,26759740,32406876,1465880,1468064,50711324,2,2
48.4,26759804,32406876,1465880,1468064,50711336,2,2
49.4,26759872,32406876,1467992,1468064,50629516,2,2
50.4,26760388,32406876,1467992,1468064,50709704,2,2
51.4,26761028,32406876,1467992,1468064,50754916,2,2
52.4,26761028,32407072,1467992,1470176,50868988,2,2
53.4,26761028,32409132,1467992,1471264,50923564,2,2
54.4,26761028,32409324,1467992,1471264,51038424,2,2
55.4,26761028,32409324,1467992,1471264,51038428,2,2
56.5,26761096,32409324,1468056,1471264,50923780,2,2
57.5,26761096,32409392,1468056,1471328,50925964,2,2
58.5,26761096,32410356,1468120,1471392,50926208,2,2
59.5,26761096,32410356,1468120,1471392,50926460,2,2
60.5,26761096,32410356,1468120,1471392,50926460,2,2
61.5,26761096,32410356,1468120,1471392,50926468,2,2
62.5,26761096,32410356,1468120,1471392,50926468,2,2
63.5,26761096,32410356,1468120,1471392,50926468,2,2
64.5,26761096,32410356,1468120,1471392,50926468,2,2
65.5,26761096,32410356,1468120,1471392,50926584,2,2
66.6,26761096,32410360,1468184,1471456,50926460,2,2
67.6,26761096,32410360,1468184,1471456,50926460,2,2
68.6,26761096,32410360,1468184,1471456,50926460,2,2
69.6,26761096,32410360,1468184,1471456,50926460,2,2
70.6,26761096,32410360,1468184,1471456,50926460,2,2
71.6,26761096,32410360,1468184,1471456,50926460,2,2
72.6,26761096,32410360,1468184,1471456,50926460,2,2
73.6,26761096,32410360,1468184,1471456,50926460,2,2
74.6,26761096,32410360,1468184,1471456,50926464,2,2
75.6,26761096,32410360,1468184,1471456,50926464,2,2
76.6,26761096,32410360,1468184,1471456,50926464,2,2
77.7,26761096,32410360,1468184,1471456,50926464,2,2
78.7,4131364,2526896,354008,357280,1009784,2,2
79.7,0,0,0,0,0,0,1
80.7,0,0,0,0,0,0,1
