t,dev_bytes,strata_bytes,procs,maxrss_kb
0.0,2585119390208,5427200,strata,37296
1.0,2585129261568,14315520,strata,479892
2.0,2585585457664,456880128,strata,478436
3.0,2587133413888,2017284096,strata,832924
4.1,2587590732288,2472914944,strata,1508268
5.1,2588316670464,3196870656,strata,2225348
6.1,2588681308672,3566223360,strata,856352
7.1,2588761655808,3641851904,strata,671300
8.1,2589180008960,4064923648,strata,589164
9.1,2589482375680,4365680640,strata,1260364
10.1,2589891004928,4774297600,strata,1915660
11.1,2590311000576,5192724480,strata,2404596
12.1,2590730119680,5613359104,strata,2886472
13.2,2591165151744,6047600640,strata,3384060
14.2,2591582378496,6465241088,strata,3853552
15.2,2591993956864,6877179904,strata,4324088
16.2,2592404445696,7287459840,strata,4788460
17.2,2592815368704,7698292736,strata,5271428
18.2,2593260132864,8142950400,strata,5735200
19.2,2593818409472,8700764160,strata,6231352
20.2,2593981164032,8865161216,strata,8535824
21.2,2594027354624,8911679488,strata,11132624
22.2,2594065951232,8950276096,strata,13708784
23.2,2594116250112,9000312832,strata,16243748
24.2,2594158004736,9041260544,strata,18806460
25.3,2594205764096,9089740800,strata,21171376
26.3,2594253928960,9137905664,strata,23407008
27.3,2594258127360,9142104064,strata,24851704
28.3,2594258459136,9142435840,strata,26602048
29.3,2594258668032,9142640640,strata,28346384
30.3,2594258786816,9142734848,strata,30045132
31.3,2594258876928,9142824960,strata,31743432
32.3,2594258991616,9142919168,strata,33474336
33.3,2594259159552,9143087104,strata,35104624
34.3,2594259270144,9143197696,strata,36778624
35.3,2594259528192,9143455744,strata,38415424
36.3,2594259606016,9143533568,strata,40010664
37.4,2594259700224,9143627776,strata,41492920
38.4,2594263341568,9147133952,strata,43012772
39.4,2594274875904,9158791168,strata,44125112
40.4,2594284083712,9167912960,strata,45306516
41.4,2594287786496,9171701760,strata,46565916
42.4,2594288028160,9171943424,strata,47887876
43.4,2594288089600,9172004864,strata,49326692
44.4,2594288105984,9172021248,strata,50500432
45.4,2594290805248,9174720512,strata,50605156
46.4,2594292128256,9176043520,strata,50605232
47.4,2594295310848,9179226112,strata,50605280
48.4,2594297690624,9181605888,strata,50605300
49.5,2594298530304,9182445568,strata,50720244
50.5,2594299640320,9183555584,strata,50720248
51.5,2594308090368,9192005632,strata,50654292
52.5,2594308196864,9192112128,strata,50732644
53.5,2594308237824,9192153088,strata,50841436
54.5,2594308299264,9192214528,strata,50886096
55.5,2594308475392,9192390656,strata,51000956
56.5,2594309487104,9193402368,strata,51000960
57.5,2594362235392,9246150656,strata,50886292
58.5,2594388085248,9272000512,strata,50888472
59.5,2594412960256,9296875520,strata,50888752
60.5,2594430659072,9312698368,strata,50888872
61.6,2594437200384,9321086976,strata,50889004
62.6,2594443815424,9327702016,strata,50889012
63.6,2594443856384,9327742976,strata,50889012
64.6,2594443897344,9327783936,strata,50889012
65.6,2594443938304,9327824896,strata,50889012
66.6,2594443979264,9327865856,strata,50889012
67.6,2594444020224,9327906816,strata,50889128
68.6,2594444192256,9328078848,strata,50889004
69.6,2594444503552,9328390144,strata,50889004
70.6,2594444544512,9328431104,strata,50889004
71.6,2594444622336,9328500736,strata,50889004
72.6,2594444958208,9328836608,strata,50889004
73.7,2594445699584,9329577984,strata,50889004
74.7,2594446686720,9330565120,strata,50889008
75.7,2594447522304,9331400704,strata,50889008
76.7,2594447755776,9331630080,strata,50889008
77.7,2594448828928,9332707328,strata,50889008
78.7,2594449533440,9333411840,strata,50889008
79.7,2594450274816,9334087680,strata,50889008
80.7,2594450528768,0,,0
81.7,2594450528768,0,,0
82.7,2594450528768,0,,0
